id,name,mindate,maxdate,latitude,longitude,elevation
GHCND:USC00241008,"BOULDER, MT US",1880-07-23,2026-01-18,46.231,-112.1138,1494.7
GHCND:USC00241044,"BOZEMAN MONTANA STATE UNIVERSITY, MT US",1892-04-08,2026-01-18,45.6621,-111.0463,1497.5
GHCND:USC00241737,"CHOTEAU, MT US",1893-01-01,2026-01-18,47.8205,-112.1921,1172
GHCND:USC00243581,"GLENDIVE, MT US",1893-01-01,2026-01-18,47.1059,-104.71759,632.5
GHCND:USC00248597,"VIRGINIA CITY, MT US",1893-01-01,2026-01-18,45.29252,-111.94456,1777.9
GHCND:USC00245740,"MISSOULA 6 NW WEATHER FORECAST OFFICE, MT US",1893-04-05,2026-01-18,46.9244,-114.0911,974.4
GHCND:USC00246918,"RED LODGE, MT US",1894-03-01,2026-01-18,45.1769,-109.2571,1720.9
GHCND:USC00240780,"BIG TIMBER, MT US",1894-04-01,2026-01-17,45.8326,-109.9511,1249.7
GHCND:USC00240802,"BILLINGS WATER TREATMENT PLANT, MT US",1894-04-01,2026-01-15,45.7716,-108.4811,944
GHCND:USW00024135,"BUTTE BERT MOONEY AIRPORT, MT US",1894-04-02,2026-01-18,45.96436,-112.50147,1677.8
GHCND:USC00240199,"ANACONDA, MT US",1894-06-01,2026-01-18,46.13439,-112.97461,1635.6
GHCND:USC00243113,"FORT BENTON, MT US",1894-12-01,2026-01-19,47.8304,-110.6611,807.4
GHCND:USC00242409,"DILLON U OF MONTANA WESTERN, MT US",1895-01-01,2026-01-17,45.209,-112.639,1563.3
GHCND:USC00241722,"CHINOOK, MT US",1895-11-01,2026-01-19,48.5884,-109.2266,737.6
GHCND:USW00024036,"LEWISTOWN AIRPORT, MT US",1896-01-08,2026-01-18,47.05443,-109.45654,1257.4
GHCND:USC00247286,"SAINT IGNATIUS, MT US",1896-02-06,2026-01-14,47.3149,-114.0982,888.5
GHCND:USC00244558,"KALISPELL GLACIER AIRPORT, MT US",1896-06-01,2026-01-18,48.30408,-114.26426,903.2
GHCND:USC00242221,"DARBY, MT US",1898-09-01,2026-01-18,46.0263,-114.1763,1182.6
GHCND:USC00246302,"OVANDO, MT US",1899-06-01,2026-01-18,47.0189,-113.1315,1252.4
GHCND:USC00241692,"CHESTER, MT US",1900-07-01,2026-01-18,48.5091,-110.9694,954.6
GHCND:USC00241102,"BRIDGER 2 N, MT US",1900-09-01,2026-01-15,45.3261,-108.9091,1092.1
GHCND:USC00242122,"CULBERTSON, MT US",1900-12-01,2026-01-07,48.14739,-104.51745,588.6
GHCND:USC00247978,"SUMMIT, MT US",1903-01-01,2026-01-19,48.3162,-113.3542,1595
GHCND:USC00244241,"HOLTER DAM, MT US",1903-03-01,2026-01-18,46.9907,-112.0116,1062.8
GHCND:USW00024137,"CUT BANK AIRPORT, MT US",1903-12-01,2026-01-18,48.60355,-112.37663,1171.8
GHCND:USC00244038,"HEBGEN DAM, MT US",1904-06-01,2026-01-18,44.8666,-111.3391,1977.8
GHCND:USC00249103,"WOLF POINT, MT US",1905-03-01,2026-01-13,48.0999,-105.6484,637
GHCND:USC00246157,"NORRIS MADISON POWER HOUSE, MT US",1907-01-01,2026-01-17,45.4875,-111.6336,1446.3
GHCND:USC00248498,"VALENTINE, MT US",1907-03-01,2026-01-19,47.3391,-108.4992,885.4
GHCND:USC00241297,"BUSBY, MT US",1907-05-01,2026-01-13,45.5397,-106.9597,1045.5
GHCND:USC00247261,"RYEGATE, MT US",1909-06-01,2026-01-14,46.2986,-109.2561,1112.5
GHCND:USC00247560,"SIDNEY, MT US",1910-10-16,2026-01-15,47.72835,-104.14681,589.2
GHCND:USC00246601,"PLEVNA, MT US",1910-11-15,2026-01-18,46.4177,-104.5163,847.3
GHCND:USC00244345,"HUNTLEY EXPERIMENTAL STATION, MT US",1911-01-01,2026-01-16,45.9227,-108.2453,924.8
GHCND:USC00247894,"STEVENSVILLE, MT US",1911-08-23,2026-01-13,46.51353,-114.09094,1018.3
GHCND:USC00243489,"GIBSON DAM, MT US",1911-10-01,2026-01-19,47.6011,-112.7547,1399
GHCND:USC00244084,"HERON 2 NW, MT US",1912-02-11,2026-01-18,48.08,-116.0014,682.8
GHCND:USC00242550,"DUNKIRK 19 NNE, MT US",1912-05-01,2026-01-18,48.7166,-111.4757,1012.9
GHCND:USC00248021,"SUN RIVER 4 S, MT US",1912-07-19,2026-01-18,47.4773,-111.7375,1097.3
GHCND:USC00243727,"GRASS RANGE, MT US",1914-02-08,2026-01-18,47.0256,-108.8035,1063.8
GHCND:USC00245045,"LINDSAY, MT US",1915-06-01,2026-01-13,47.22529,-105.15221,820.8
GHCND:USC00243110,"FORT ASSINIBOINE, MT US",1917-01-01,2026-01-16,48.4982,-109.8014,815.3
GHCND:USC00242793,"ENNIS, MT US",1918-01-01,2026-01-19,45.3394,-111.7122,1509.7
GHCND:USC00241127,"BROADUS, MT US",1920-02-23,2026-01-18,45.4441,-105.4072,924.2
GHCND:USC00245961,"MYSTIC LAKE, MT US",1924-08-01,2026-01-18,45.2436,-109.7311,1994.6
GHCND:USW00024139,"DUMMOND 0.4 SSW, MT US",1927-05-01,2026-01-18,46.66637,-113.15003,1204
GHCND:USC00241342,"BYNUM 4 SSE, MT US",1927-09-01,2026-01-19,47.9262,-112.2919,1231.1
GHCND:USC00243707,"GRANT 5 SE, MT US",1928-10-01,2026-01-05,44.96546,-113.00404,1761.7
GHCND:USC00241938,"COLUMBUS, MT US",1930-10-01,2026-01-16,45.6444,-109.2675,1097.9
GHCND:USC00247620,"SIMPSON 6 N WILDHORSE, MT US",1931-05-01,2026-01-18,48.998,-110.2157,858
GHCND:USW00024033,"BILLINGS INTERNATIONAL AIRPORT, MT US",1935-05-01,2026-01-18,45.80721,-108.54618,1094.3
GHCND:USC00247448,"SEELEY LAKE RANGER STATION, MT US",1936-10-16,2026-01-19,47.2141,-113.5204,1249.7
GHCND:USW00024037,"MILES CITY AIRPORT, MT US",1937-01-16,2026-01-18,46.42647,-105.88333,800.2
GHCND:USW00024143,"GREAT FALLS AIRPORT, MT US",1937-04-01,2026-01-18,47.47327,-111.38281,1117.7
GHCND:USW00024144,"HELENA AIRPORT ASOS, MT US",1938-04-01,2026-01-18,46.60444,-111.98921,1178.1
GHCND:USW00024154,"MULLAN PASS VOR DME, ID US",1938-09-16,2026-01-18,47.4548,-115.67108,1834.6
GHCND:USW00024138,"DILLON AIRPORT, MT US",1940-01-01,2026-01-18,45.2584,-112.55454,1584.7
GHCND:USW00024132,"BOZEMAN GALLATIN FIELD AIRPORT, MT US",1941-01-02,2026-01-18,45.78759,-111.16152,1350.7
GHCND:USW00094008,"GLASGOW INTERNATIONAL AIRPORT, MT US",1942-12-10,2026-01-18,48.21416,-106.62139,697.8
GHCND:USC00249082,"WISE RIVER 3 WNW, MT US",1943-05-10,2026-01-13,45.8026,-112.9939,1746.5
GHCND:USC00244358,"HYSHAM, MT US",1945-11-01,2026-01-05,46.28973,-107.23052,813.5
GHCND:USC00241313,"MONTANA TECH BUTTE SCHOOL OF MINES, MT US",1946-01-03,2026-01-14,46.01261,-112.55858,1752.6
GHCND:USC00244328,"HUNGRY HORSE DAM, MT US",1947-06-01,2026-01-19,48.3426,-114.0217,963.2
GHCND:USW00024153,"MISSOULA INTERNATIONAL AIRPORT, MT US",1948-01-01,2026-01-18,46.92076,-114.09376,973.8
GHCND:USC00243915,"HARDIN, MT US",1948-07-01,2026-01-18,45.7316,-107.6091,877.8
GHCND:USC00245040,"LINCOLN RANGER STATION, MT US",1948-07-01,2026-01-18,46.95639,-112.65608,1408.2
GHCND:USC00248324,"TOWNSEND 3 SE, MT US",1948-07-01,2026-01-18,46.29885,-111.45245,1208.2
GHCND:USC00249240,"YELLOWTAIL DAM, MT US",1948-07-01,2026-01-15,45.3127,-107.9383,1007.4
GHCND:USW00024150,"LIVINGSTON AIRPORT, MT US",1948-07-01,2026-01-18,45.69835,-110.44154,1415.9
GHCND:USW00024112,"MALMSTROM AFB, MT US",1949-01-01,2026-01-11,47.51667,-111.18333,1058.3
GHCND:USC00242104,"CRESTON, MT US",1949-02-15,2026-01-09,48.18819,-114.134,894.6
GHCND:USC00244978,"LEWISTOWN 11 SSE, MT US",1949-05-01,2026-01-18,46.90573,-109.41135,1513.3
GHCND:USC00248165,"TERRY, MT US",1949-05-01,2026-01-16,46.794,-105.3021,685.8
GHCND:USC00242820,"ETHRIDGE, MT US",1949-05-25,2026-01-06,48.5585,-112.1252,1082.6
GHCND:USC00243346,"GALATA 16 SW, MT US",1949-06-01,2026-01-19,48.2922,-111.5682,1082
GHCND:USC00248809,"WEST GLACIER, MT US",1949-10-01,2026-01-16,48.5002,-113.9847,959.5
GHCND:USC00247500,"SHELBY, MT US",1950-04-01,2026-01-18,48.5133,-111.8551,1013.5
GHCND:USC00248087,"SWAN LAKE, MT US",1950-04-02,2026-01-19,47.9161,-113.839,944.9
GHCND:USC00248430,"TWIN BRIDGES, MT US",1950-06-01,2026-01-03,45.5472,-112.326,1409.7
GHCND:USC00248607,"VOLBORG, MT US",1950-06-17,2026-01-10,45.8436,-105.6808,908.3
GHCND:USC00246640,"SKQ DAM, MT US",1951-03-22,2026-01-18,47.6775,-114.2419,832.1
GHCND:USC00243554,"GLASGOW 14 NW, MT US",1951-06-01,2026-01-10,48.35313,-106.84241,659.3
GHCND:USC00248939,"WHITEWATER, MT US",1951-06-01,2026-01-16,48.75931,-107.62501,708.7
GHCND:USC00247800,"SPRINGDALE, MT US",1951-06-21,2026-01-18,45.73833,-110.2243,1290.8
GHCND:USC00245080,"LIVINGSTON 12 S, MT US",1951-06-26,2026-01-18,45.4955,-110.559,1537.4
GHCND:USC00242812,"ESSEX, MT US",1951-08-16,2026-01-18,48.2828,-113.606,1173.5
GHCND:USC00247128,"ROBERTS 1 W, MT US",1951-08-25,2026-01-02,45.3752,-109.1697,1380.7
GHCND:USC00244715,"KNOBS 4 SW, MT US",1951-09-05,2026-01-06,45.8727,-104.1583,940.6
GHCND:USC00244364,"HYSHAM 25 SSE, MT US",1951-12-17,2026-01-17,45.9352,-107.1375,944.9
GHCND:USC00247034,"RIDGEWAY 1 S, MT US",1952-05-13,2026-01-18,45.5022,-104.4477,1010.7
GHCND:USC00248233,"TIBER DAM, MT US",1952-11-14,2026-01-14,48.30973,-111.08714,886.7
GHCND:USC00244386,"INGOMAR 9 E, MT US",1953-11-01,2026-01-19,46.5676,-107.195,853.4
GHCND:USC00246472,"PHILIPSBURG RANGER STATION, MT US",1955-10-13,2026-01-16,46.3158,-113.3,1606.3
GHCND:USC00247964,"SULA 2 SE SULA RS, MT US",1955-12-01,2026-01-09,45.81925,-113.9585,1392.9
GHCND:USC00248211,"THOMPSON FALLS PH, MT US",1956-02-01,2026-01-18,47.5932,-115.3595,725.4
GHCND:USC00241084,"BRANDENBERG, MT US",1956-05-01,2026-01-18,45.8162,-106.2329,844.3
GHCND:USC00240075,"ALBERTON, MT US",1958-04-01,2026-01-17,47.0036,-114.4781,932.7
GHCND:USC00245870,"MOORHEAD 9 NE, MT US",1958-06-18,2026-01-18,45.1758,-105.7516,981.5
GHCND:USC00245043,"LINDBERGH LAKE, MT US",1959-05-13,2026-01-05,47.4083,-113.7125,1316.7
GHCND:USW00094010,"ST. MARIE, MT US",1959-07-01,2026-01-15,48.40849,-106.51487,835.5
GHCND:USC00241169,"BROCKWAY 3 WSW, MT US",1959-08-01,2026-01-15,47.2876,-105.8299,801.6
GHCND:USC00245603,"MELVILLE 4 W, MT US",1960-04-14,2026-01-18,46.1047,-110.05,1635.3
GHCND:USC00248380,"TROUT CREEK RANGER STATION, MT US",1960-07-01,2026-01-16,47.86636,-115.62722,734.6
GHCND:USW00094012,"HAVRE AIRPORT ASOS, MT US",1961-02-01,2026-01-18,48.54254,-109.76439,788.2
GHCND:USC00247263,"RYEGATE 18 NNW, MT US",1962-08-01,2026-01-19,46.5333,-109.3441,1353.3
GHCND:USC00241758,"CIRCLE, MT US",1963-09-01,2026-01-18,47.4122,-105.59547,755.9
GHCND:USS0010D13S,"LICK CREEK, MT US",1963-09-30,2026-01-09,45.5,-110.97,2090.9
GHCND:USC00240743,"BIDDLE 8 SW, MT US",1963-10-09,2026-01-15,45.0429,-105.4799,1106.7
GHCND:USC00246691,"POWDERVILLE 8 NNE, MT US",1964-04-15,2026-01-18,45.8525,-105.035,853.4
GHCND:USC00246685,"POTOMAC, MT US",1964-12-02,2026-01-11,46.87672,-113.56258,1124.7
GHCND:USC00247864,"STANFORD, MT US",1965-02-04,2026-01-18,47.15499,-110.22386,1307.3
GHCND:USS0010D16S,"SHOWER FALLS, MT US",1965-09-30,2026-01-09,45.4,-110.96,2468.9
GHCND:USS0013C13S,"BLACK PINE, MT US",1965-09-30,2026-01-09,46.41,-113.43,2197.6
GHCND:USC00247265,"SACO 1 NNW, MT US",1966-07-01,2026-01-19,48.4661,-107.3528,666
GHCND:USS0009D06S,"FISHER CREEK, MT US",1966-09-30,2026-01-09,45.06,-109.94,2773.7
GHCND:USS0010C06S,"SPUR PARK, MT US",1966-09-30,2026-01-09,46.78,-110.62,2468.9
GHCND:USS0010D07S,"NORTHEAST ENTRANCE, MT US",1966-09-30,2026-01-09,45.01,-110.01,2240.3
GHCND:USS0011E07S,"WEST YELLOWSTONE, MT US",1966-09-30,2026-01-09,44.66,-111.09,2042.2
GHCND:USS0011E29S,"CARROT BASIN, MT US",1966-09-30,2026-01-09,44.96,-111.29,2743.2
GHCND:USS0011E38S,"BEAVER CREEK, MT US",1966-09-30,2026-01-09,44.95,-111.36,2392.7
GHCND:USS0015C10S,"HOODOO BASIN, MT US",1966-09-30,2026-01-09,46.98,-115.03,1844
GHCND:USC00241047,"BOZEMAN 6 W EXPERIMENTAL FARM, MT US",1966-11-01,2026-01-18,45.6729,-111.1547,1455.4
GHCND:USS0009A01S,"ROCKY BOY, MT US",1967-09-30,2026-01-09,48.17,-109.65,1432.6
GHCND:USS0010C09S,"DEADMAN CREEK, MT US",1967-09-30,2026-01-09,46.79,-110.68,1966
GHCND:USS0011E31S,"MADISON PLATEAU, MT US",1967-09-30,2026-01-09,44.59,-111.12,2362.2
GHCND:USS0012C11S,"ROCKER PEAK, MT US",1967-09-30,2026-01-09,46.36,-112.26,2438.4
GHCND:USS0013C31S,"N FK ELK CREEK, MT US",1967-09-30,2026-01-09,46.87,-113.28,1905
GHCND:USS0014C12S,"TWIN LAKES, MT US",1967-09-30,2026-01-09,46.14,-114.51,1950.7
GHCND:USS0014C13S,"TWELVEMILE CREEK, MT US",1967-09-30,2026-01-08,46.14,-114.45,1706.9
GHCND:USS0012B12S,"MOUNT LOCKHART, MT US",1968-09-30,2026-01-09,47.92,-112.82,1950.7
GHCND:USS0012B13S,"WALDRON, MT US",1968-09-30,2026-01-09,47.92,-112.79,1706.9
GHCND:USS0015A03S,"HAWKINS LAKE, MT US",1968-09-30,2026-01-09,48.97,-115.95,1966
GHCND:USS0015A05S,"GARVER CREEK, MT US",1968-09-30,2026-01-09,48.98,-115.82,1295.4
GHCND:USS0015A08S,"BANFIELD MOUNTAIN, MT US",1968-09-30,2026-01-09,48.57,-115.45,1706.9
GHCND:USS0015A12S,"POORMAN CREEK, MT US",1968-09-30,2026-01-09,48.13,-115.62,1554.5
GHCND:USS0013A19S,"FLATTOP MOUNTAIN, MT US",1969-09-30,2026-01-08,48.8,-113.86,1920.2
GHCND:USS0013C36S,"PETERSON MEADOWS, MT US",1970-09-30,2026-01-09,46.13,-113.31,2194.6
GHCND:USC00244180,"HINSDALE 4 SW, MT US",1971-06-01,2026-01-12,48.34774,-107.15341,855
GHCND:USS0011E24S,"TEPEE CREEK, MT US",1971-09-30,2026-01-09,44.79,-111.71,2438.4
GHCND:USS0011E30S,"WHISKEY CREEK, MT US",1971-09-30,2026-01-09,44.61,-111.15,2072.6
GHCND:USS0011E35S,"BLACK BEAR, MT US",1971-09-30,2026-01-09,44.51,-111.13,2490.2
GHCND:USS0009D16S,"COLE CREEK, MT US",1971-12-31,2026-01-09,45.19,-109.35,2392.7
GHCND:USS0012E07S,"DIVIDE, MT US",1971-12-31,2026-01-09,44.79,-112.06,2377.4
GHCND:USS0013E23S,"LEMHI RIDGE, MT US",1971-12-31,2026-01-09,44.99,-113.44,2468.9
GHCND:USS0012C13S,"FROHNER MEADOW, MT US",1972-09-30,2026-01-09,46.44,-112.19,1975.1
GHCND:USS0013C33S,"COMBINATION, MT US",1972-09-30,2026-01-09,46.47,-113.39,1706.9
GHCND:USS0009D08S,"WHITE MILL, MT US",1973-09-30,2026-01-09,45.05,-109.91,2651.8
GHCND:USS0013A25S,"NOISY BASIN, MT US",1974-09-30,2026-01-09,48.16,-113.95,1841
GHCND:USS0013D26S,"CALVERT CREEK, MT US",1975-09-30,2026-01-09,45.88,-113.33,1959.9
GHCND:USS0014A11S,"GRAVE CREEK, MT US",1975-09-30,2026-01-09,48.91,-114.77,1310.6
GHCND:USS0014A12S,"STAHL PEAK, MT US",1975-09-30,2026-01-09,48.91,-114.86,1837.9
GHCND:USC00243098,"FORSYTH, MT US",1975-10-01,2026-01-17,46.2721,-106.6755,766.6
GHCND:USC00246672,"PORT OF MORGAN, MT US",1976-04-11,2026-01-16,48.9977,-107.833,862.6
GHCND:USS0010C03S,"PORCUPINE, MT US",1976-09-30,2026-01-09,46.11,-110.47,1981.2
GHCND:USS0013A24S,"EMERY CREEK, MT US",1976-09-30,2026-01-09,48.43,-113.94,1325.9
GHCND:USS0013A26S,"PIKE CREEK, MT US",1976-09-30,2026-01-09,48.3,-113.33,1807.5
GHCND:USS0013A27S,"MANY GLACIER, MT US",1976-09-30,2026-01-09,48.8,-113.67,1493.5
GHCND:USS0013C03S,"SKALKAHO SUMMIT, MT US",1976-09-30,2026-01-09,46.24,-113.77,2209.8
GHCND:USS0013D10S,"BLOODY DICK, MT US",1976-09-30,2026-01-09,45.17,-113.5,2316.5
GHCND:USS0014A14S,"HAND CREEK, MT US",1976-09-30,2026-01-09,48.31,-114.84,1534.7
GHCND:USS0014D02S,"NEZ PERCE CAMP, MT US",1976-09-30,2026-01-09,45.73,-114.48,1722.1
GHCND:USS0013C43S,"WARM SPRINGS, MT US",1977-09-30,2026-01-09,46.27,-113.16,2377.4
GHCND:USS0009C01S,"CRYSTAL LAKE, MT US",1978-09-30,2026-01-09,46.79,-109.51,1844
GHCND:USS0010D31S,"BOX CANYON, MT US",1978-09-30,2026-01-09,45.27,-110.25,2033
GHCND:USS0011C01S,"BOULDER MOUNTAIN, MT US",1978-09-30,2026-01-09,46.56,-111.29,2423.2
GHCND:USS0011C02S,"PICKFOOT CREEK, MT US",1978-09-30,2026-01-09,46.58,-111.27,2026.9
GHCND:USS0011D08S,"CLOVER MEADOW, MT US",1978-09-30,2026-01-09,45.02,-111.85,2621.3
GHCND:USS0011E03S,"LAKEVIEW RIDGE, MT US",1978-09-30,2026-01-09,44.59,-111.82,2255.5
GHCND:USS0012B14S,"COPPER CAMP, MT US",1978-09-30,2026-01-09,47.08,-112.73,2118.4
GHCND:USS0012B16S,"COPPER BOTTOM, MT US",1978-09-30,2026-01-09,47.06,-112.6,1585
GHCND:USS0012B17S,"WOOD CREEK, MT US",1978-09-30,2026-01-09,47.45,-112.81,1816.6
GHCND:USS0012E08S,"BEAGLE SPRINGS, MT US",1978-09-30,2026-01-09,44.47,-112.98,2697.5
GHCND:USS0013A15S,"BADGER PASS, MT US",1978-09-30,2026-01-09,48.13,-113.02,2103.1
GHCND:USC00245668,"MILDRED 7 NNW, MT US",1979-08-01,2026-01-14,46.7698,-105.03414,777.2
GHCND:USS0013C44S,"BARKER LAKES, MT US",1979-09-30,2026-01-09,46.1,-113.13,2514.6
GHCND:USS0010D24S,"PLACER BASIN, MT US",1980-08-11,2026-01-09,45.42,-110.09,2691.4
GHCND:USS0010D12S,"MONUMENT PEAK, MT US",1980-08-12,2026-01-09,45.22,-110.24,2697.5
GHCND:USS0011D11S,"LOWER TWIN, MT US",1980-08-14,2026-01-09,45.51,-111.92,2407.9
GHCND:USS0012D09S,"BASIN CREEK, MT US",1980-08-15,2026-01-09,45.8,-112.52,2188.5
GHCND:USS0012D11S,"MULE CREEK, MT US",1980-08-17,2026-01-09,45.41,-112.96,2529.8
GHCND:USS0013D19S,"DARKHORSE LAKE, MT US",1980-08-18,2026-01-09,45.17,-113.58,2621.3
GHCND:USS0013C39S,"DALY CREEK, MT US",1980-08-21,2026-01-09,46.18,-113.85,1761.7
GHCND:USS0013B22S,"KRAFT CREEK, MT US",1980-09-05,2026-01-09,47.43,-113.78,1447.8
GHCND:USS0010C08S,"S FORK SHIELDS, MT US",1980-09-30,2026-01-09,46.09,-110.43,2468.9
GHCND:USS0010C15S,"DAISY PEAK, MT US",1982-09-08,2026-01-09,46.67,-110.33,2316.5
GHCND:USS0012A02S,"DUPUYER CREEK, MT US",1983-08-19,2026-01-09,48.06,-112.76,1752.6
GHCND:USR0000MBLU,"BLUFF CREEK MONTANA, MT US",1985-01-09,2026-01-19,48.8719,-106.9456,777.2
GHCND:USR0000MBRE,"BRENNER MONTANA, MT US",1985-01-23,2026-01-19,44.9667,-113.2167,1935.5
GHCND:USR0000MBSM,"BIG SHEEP MOUNTAIN MONTANA, MT US",1985-01-23,2026-01-19,47.0167,-105.8167,975.4
GHCND:USR0000MKNO,"KNOWLTON MONTANA, MT US",1985-01-23,2026-01-19,46.3117,-105.0222,1011.9
GHCND:USR0000MSSC,"SOUTH SAWMILL CREEK MONTANA, MT US",1985-01-23,2026-01-19,47.5619,-107.5286,1002.8
GHCND:USR0000MBEN,"BENCHMARK MONTANA, MT US",1985-05-23,2026-01-19,47.5,-112.9,1630.7
GHCND:USR0000MLIT,"LITTLE BULLWACKER CREEK MONTAN, MT US",1985-05-23,2026-01-19,47.8139,-109.0167,944.9
GHCND:USR0000MWOL,"WOLF MOUNTAIN MONTANA, MT US",1985-05-23,2026-01-19,45.3131,-107.1719,1590.1
GHCND:USR0000MBCB,"BC BALDY MONTANA, MT US",1985-07-06,2026-01-19,48.6333,-115.5833,1310.6
GHCND:USS0013B24S,"MOSS PEAK, MT US",1985-07-11,2026-01-09,47.68,-113.96,2066.5
GHCND:USC00248415,"TURNER 11 N, MT US",1985-10-01,2026-01-16,48.9992,-108.3895,908.9
GHCND:USR0000MBAP,"BADGER PEAK MONTANA, MT US",1986-01-17,2026-01-19,45.6481,-106.5008,1322.8
GHCND:USR0000MSTM,"ST. MARY MONTANA, MT US",1986-01-17,2026-01-19,48.7375,-113.4305,1389.9
GHCND:USC00241081,"BRADY 27 ENE THE KNEES, MT US",1986-05-01,2026-01-19,48.075,-111.2603,1013.5
GHCND:USC00245011,"LIBBY DAM BASE, MT US",1986-09-01,2026-01-19,48.41,-115.318,643.1
GHCND:USR0000MRED,"RED ROCK MONTANA, MT US",1987-10-13,2026-01-19,44.6833,-111.8333,2039.1
GHCND:USR0000MSTI,"STINKWATER CREEK MONTANA, MT US",1987-10-13,2026-01-19,46.8536,-113.3939,1649
GHCND:USR0000MFOH,"FORT HOWES MONTANA, MT US",1987-10-22,2026-01-19,45.2969,-106.1614,1030.2
GHCND:USR0000MCAN,"CANNONBALL CREEK MONTANA, MT US",1987-11-03,2026-01-19,46.4847,-104.0658,893.1
GHCND:USR0000MKIN,"KING COULEE MONTANA, MT US",1987-11-03,2026-01-19,47.7981,-107.0233,841.2
GHCND:USS0011E39S,"SHORT CREEK, MT US",1988-06-30,2026-01-09,44.98,-111.95,2133.6
GHCND:USS0011C04S,"TIZER BASIN, MT US",1988-09-06,2026-01-09,46.35,-111.85,2097
GHCND:USS0013B07S,"NORTH FORK JOCKO, MT US",1989-08-28,2026-01-09,47.27,-113.76,1929.4
GHCND:USR0000MHOT,"HOT SPRINGS MONTANA, MT US",1991-06-10,2026-01-19,47.6156,-114.6694,902.2
GHCND:USR0000MBIG,"BIGHORN MOUNTAIN MONTANA, MT US",1991-08-05,2026-01-19,45.0733,-107.8886,2218.9
GHCND:USR0000MPRY,"PRYOR MOUNTAIN MONTANA, MT US",1991-08-05,2026-01-19,45.3375,-108.4908,1885.5
GHCND:USS0011D19S,"LONE MOUNTAIN, MT US",1991-09-30,2026-01-09,45.27,-111.43,2706.6
GHCND:USS0013B25S,"BISSON CREEK, MT US",1991-09-30,2026-01-09,47.68,-114,1499.6
GHCND:USS0014B05S,"SLEEPING WOMAN, MT US",1991-09-30,2026-01-09,47.18,-114.33,1874.5
GHCND:USR0000MANT,"ANTELOPE MONTANA, MT US",1991-10-25,2026-01-19,44.6867,-112.5417,2071.1
GHCND:USR0000MARM,"ARMELLS CREEK MONTANA, MT US",1991-10-25,2026-01-19,47.5867,-108.8694,867.2
GHCND:USR0000MBRA,"BRADSHAW CREEK MONTANA, MT US",1991-10-25,2026-01-19,45.0553,-105.9483,1197.9
GHCND:USR0000MGIN,"GINGER MONTANA, MT US",1991-10-25,2026-01-19,46.3292,-111.5881,1332
GHCND:USR0000MROC,"ROCKY BOY MONTANA, MT US",1992-06-29,2026-01-19,48.255,-109.7836,1158.2
GHCND:USR0000MFOR,"FORT BELKNAP MONTANA, MT US",1992-07-27,2026-01-19,48.3042,-108.7189,812.3
GHCND:USR0000MPOP,"POPLAR MONTANA, MT US",1992-07-27,2026-01-19,48.1269,-105.0731,738.5
GHCND:USR0000MGAL,"GALENA MONTANA, MT US",1992-08-11,2026-01-19,46.2222,-112.2292,2090.9
GHCND:USR0000MFIS,"FISHTAIL MONTANA, MT US",1992-10-26,2026-01-19,45.4581,-109.5714,1386.8
GHCND:USR0000MJET,"JETTE MONTANA, MT US",1992-12-08,2026-01-19,47.7669,-114.2347,1097.3
GHCND:USS0010C22S,"ONION PARK, MT US",1993-09-30,2026-01-09,46.91,-110.85,2258.6
GHCND:USS0012C22S,"NEVADA RIDGE, MT US",1994-07-06,2026-01-09,46.84,-112.51,2139.7
GHCND:USS0013C01S,"STUART MOUNTAIN, MT US",1994-09-13,2026-01-09,47,-113.93,2255.5
GHCND:USS0010D35S,"BRACKETT CREEK, MT US",1994-09-29,2026-01-09,45.89,-110.94,2231.1
GHCND:USR0000MGIR,"GIRD POINT MONTANA, MT US",1995-06-29,2026-01-19,46.1928,-113.9203,2118.4
GHCND:USS0010C23S,"STRINGER CREEK, MT US",1995-09-30,2026-01-09,46.93,-110.9,1996.4
GHCND:USC00245334,"MALTA, MT US",1996-06-01,2026-01-16,48.3589,-107.8714,689.5
GHCND:USS0011D28S,"ALBRO LAKE, MT US",1996-09-11,2026-01-09,45.6,-111.96,2529.8
GHCND:USC00244560,"KALISPELL 9 NNE, MT US",1997-01-03,2026-01-18,48.30919,-114.25264,906.8
GHCND:USC00243753,"GREAT FALLS WEATHER FORECAST OFFICE, MT US",1997-04-01,2026-01-18,47.4615,-111.385,1129.3
GHCND:USR0000MMAC,"MANNING CORRAL DOGTOWN MONTANA, MT US",1997-07-24,2026-01-19,47.7028,-108.4786,938.8
GHCND:USR0000MDRY,"DRY BLOOD CREEK MONTANA, MT US",1997-07-25,2026-01-19,47.2442,-108.3575,914.4
GHCND:USR0000MLIH,"LITTLE BIGHORN MONTANA, MT US",1997-07-29,2026-01-19,45.5697,-107.4358,1036.3
GHCND:USW00094051,"JORDAN AIRPORT, MT US",1997-09-01,2026-01-18,47.325928,-106.948724,801
GHCND:USC00245000,"LIBBY, MT US",1998-01-01,2026-01-18,48.39447,-115.58842,653.8
GHCND:USC00249187,"YAAK 9 NNE, MT US",1998-01-01,2026-01-18,48.9513,-115.6266,940.3
GHCND:USW00094055,"BAKER MUNICIPAL AIRPORT, MT US",1998-02-19,2026-01-18,46.35205,-104.26134,902.9
GHCND:USR0000MPAR,"PARDEE MONTANA, MT US",1998-05-29,2026-01-19,47.2697,-114.9161,1414.3
GHCND:US1MTPR0014,"VOLBORG 15.1 SSW, MT US",1998-06-17,2026-01-15,45.6333,-105.766,996.4
GHCND:US1MTRT0005,"POPLAR 20.4 N, MT US",1998-06-17,2026-01-16,48.403702,-105.150028,674.8
GHCND:USW00094017,"WOLF POINT INTERNATIONAL AIRPORT, MT US",1998-09-13,2026-01-18,48.09417,-105.57836,604.7
GHCND:USC00240801,"BILLINGS WEATHER FORECAST OFFICE, MT US",1999-02-01,2026-01-18,45.7502,-108.5696,970.8
GHCND:USC00246647,"POMPEYS PILLAR 15 N, MT US",1999-02-01,2026-01-19,46.1971,-108.004,1033.3
GHCND:USR0000MPIN,"PINE HILL MONTANA, MT US",1999-02-04,2026-01-19,46.7769,-104.5797,807.4
GHCND:USR0000MCON,"CONDON WORK CENTER MONTANA, MT US",1999-05-06,2026-01-19,47.5361,-113.7172,1122.9
GHCND:USR0000MHUN,"HUNGRY HORSE MONTANA, MT US",1999-05-06,2026-01-19,48.3847,-114.0575,983
GHCND:USR0000MFRE,"FRENCH CREEK MONTANA, MT US",1999-08-12,2026-01-19,45.33,-112.9128,2262.2
GHCND:USS0010D10S,"SACAJAWEA, MT US",1999-09-30,2026-01-09,45.87,-110.93,1996.4
GHCND:USR0000MLIS,"LITTLE SNOWY MONTANA, MT US",2000-04-25,2026-01-19,46.7511,-109.0233,1516.4
GHCND:US1MTPR0016,"VOLBORG 17.7 SW, MT US",2000-07-03,2026-01-15,45.6561381,-105.9339524,1127.5
GHCND:USR0000MHEL,"HELENA MONTANA, MT US",2000-07-11,2026-01-19,46.7186,-112.0017,1170.4
GHCND:USR0000MNIN,"NINE MILE MONTANA, MT US",2000-08-24,2026-01-19,47.0708,-114.4022,1005.8
GHCND:USR0000MWEF,"WEST FORK MONTANA, MT US",2000-08-25,2026-01-19,45.8181,-114.2631,1585
GHCND:USR0000MPOI,"POINT 6 MONTANA, MT US",2000-08-27,2026-01-19,47.0411,-113.9792,2414
GHCND:USC00241164,"BROCKTON 20 S, MT US",2000-09-01,2026-01-18,47.8711,-104.9005,722.4
GHCND:USR0000MLNC,"LINCOLN MONTANA, MT US",2000-09-09,2026-01-19,46.9681,-112.6353,1401.2
GHCND:USS0009D21S,"BURNT MOUNTAIN, MT US",2000-09-30,2026-01-09,45.24,-109.46,1792.2
GHCND:USR0000MSTE,"STEVI MONTANA, MT US",2000-10-19,2026-01-19,46.5131,-114.0911,1025.7
GHCND:USC00247248,"RUDYARD 21 N, MT US",2000-11-01,2026-01-18,48.8539,-110.5969,914.4
GHCND:USR0000MTPT,"TEPEE POINT MONTANA, MT US",2001-02-01,2026-01-19,45.9347,-113.7383,2020.5
GHCND:USR0000MSMI,"SMITH CREEK MONTANA, MT US",2001-02-14,2026-01-19,46.4394,-114.2272,1722.1
GHCND:USR0000MLIB,"LIBBY MONTANA, MT US",2001-02-18,2026-01-19,48.3833,-115.5667,630.9
GHCND:USR0000MDEE,"DEER MOUNTAIN WEST MONTANA, MT US",2001-03-06,2026-01-19,46.0278,-114.0553,2219.6
GHCND:USR0000MWSS,"WHITE SULPHUR SPRING MONTANA, MT US",2001-03-19,2026-01-19,46.5344,-110.8853,1542.3
GHCND:USR0000MMIS,"MISSOULA FTS MONTANA, MT US",2001-03-22,2026-01-19,46.85,-114.05,975.4
GHCND:USR0000MTIM,"TIMBERCREST MONTANA, MT US",2001-05-09,2026-01-19,45.1569,-109.3606,1950.7
GHCND:USR0000MWHH,"WHITEHALL MONTANA, MT US",2001-05-11,2026-01-19,45.8833,-112.15,1328.9
GHCND:USR0000MWIS,"WISE RIVER MONTANA, MT US",2001-05-14,2026-01-19,45.7833,-112.9333,1738.6
GHCND:USR0000MPHL,"PHILIPSBURG MONTANA, MT US",2001-05-15,2026-01-19,46.3167,-113.3,1609.3
GHCND:USR0000MSQU,"SHENANGO MONTANA, MT US",2001-05-15,2026-01-19,45.4511,-111.2189,1636.8
GHCND:USR0000MHEB,"HEBGEN LAKE MONTANA, MT US",2001-05-17,2026-01-19,44.6678,-111.1006,2032.1
GHCND:USR0000MTRY,"TROY MONTANA, MT US",2001-05-17,2026-01-19,48.4667,-115.9167,594.4
GHCND:USR0000MYAA,"YAAK UPPER FORD MONTANA, MT US",2001-05-17,2026-01-19,48.9167,-115.6567,914.4
GHCND:USR0000MSEE,"SEELEY LAKE MONTANA, MT US",2001-05-24,2026-01-19,47.1828,-113.4472,1290.8
GHCND:USR0000MDER,"DERBY MOUNTAIN MONTANA, MT US",2001-06-01,2026-01-19,45.5842,-109.8517,2133.6
GHCND:USR0000MFOU,"FOUR MILE MONTANA, MT US",2001-06-04,2026-01-19,45.3333,-110.2167,1737.4
GHCND:USR0000MYEL,"YELLOW MULE MONTANA, MT US",2001-06-04,2026-01-19,45.1672,-111.3508,2804.2
GHCND:USR0000MENN,"ENNIS MONTANA, MT US",2001-06-06,2026-01-19,45.35,-111.7344,1505.4
GHCND:USR0000MWEG,"WEST GLACIER MONTANA, MT US",2001-06-19,2026-01-19,48.5106,-113.9942,975.4
GHCND:USR0000MEUR,"EUREKA MONTANA, MT US",2001-07-12,2026-01-19,48.9,-115.0167,853.4
GHCND:USR0000MPPH,"PORPHYRY MONTANA, MT US",2001-07-30,2026-01-19,46.8353,-110.7175,2509.1
GHCND:USR0000MSTR,"ST. REGIS MONTANA, MT US",2001-08-09,2026-01-19,47.3108,-115.1097,816.9
GHCND:USR0000MCBT,"CABINET TROUT CREEK MONTANA, MT US",2001-09-06,2026-01-19,47.8667,-115.625,716.3
GHCND:USR0000MTHO,"THOMPSON FALLS AIRPORT MONTANA, MT US",2001-11-07,2026-01-19,47.5806,-115.285,749.8
GHCND:USW00094059,"WOLF POINT 34 NE, MT US",2001-12-21,2026-01-18,48.4887,-105.2096,805.6
GHCND:USW00094060,"WOLF POINT 29 ENE, MT US",2001-12-21,2026-01-18,48.3082,-105.1018,635.5
GHCND:USR0000MBOO,"BOORMAN MONTANA, MT US",2002-06-20,2026-01-19,48.1333,-114.7167,1207.9
GHCND:USR0000MSTW,"STILLWATER MONTANA, MT US",2002-07-02,2026-01-19,48.5394,-114.5594,949.8
GHCND:USR0000MWIC,"WICKED CREEK MONTANA, MT US",2002-07-26,2026-01-19,45.2706,-110.5433,2317.7
GHCND:USR0000MPLN,"PLAINS MONTANA, MT US",2002-09-18,2026-01-19,47.45,-114.8667,731.5
GHCND:USC00243555,"GLASGOW WEATHER FORECAST OFFICE, MT US",2002-12-01,2026-01-19,48.2063,-106.6255,692.2
GHCND:US1MTYS0046,"BILLINGS 1.9 WNW, MT US",2002-12-29,2026-01-12,45.798985,-108.575882,1030.8
GHCND:USR0000MLRC,"LITTLE ROCK CREEK MONTANA, MT US",2003-01-06,2026-01-19,46.0378,-114.2625,1678.5
GHCND:USR0000MMED,"MEDICINE LAKE MONTANA, MT US",2003-02-13,2026-01-19,48.49,-104.4761,602
GHCND:USR0000MGLE,"GLEASON MONTANA, MT US",2003-02-20,2026-01-19,47.8678,-112.6681,1585
GHCND:USR0000MPOL,"POLEBRIDGE MONTANA, MT US",2003-07-08,2026-01-19,48.7825,-114.2803,1066.8
GHCND:USW00004130,"ST. MARY 1 SSW, MT US",2003-09-25,2026-01-18,48.7412,-113.433,1388.4
GHCND:USR0000MDPC,"DEEP CREEK BFA MONTANA, MT US",2003-10-28,2026-01-19,48.3556,-113.1139,1627.6
GHCND:USR0000MSOD,"SODA SPRINGS MONTANA, MT US",2003-10-30,2026-01-19,45.7289,-108.3967,1225.3
GHCND:US1MTVL0002,"GLASGOW 0.3 N, MT US",2006-12-21,2026-01-16,48.2033,-106.6311,666.9
GHCND:US1MTSN0002,"NOXON 4.2 WNW, MT US",2007-01-13,2026-01-16,48.033017,-115.849973,705
GHCND:US1MTSN0001,"ARLEE 16.7 WNW, MT US",2007-01-14,2026-01-05,47.295276,-114.39287,896.1
GHCND:US1MTFH0002,"KALISPELL 10.1 SW, MT US",2007-01-22,2026-01-16,48.091287,-114.464181,992.1
GHCND:US1MTMS0012,"MISSOULA 4.9 N, MT US",2007-03-26,2026-01-15,46.939187,-114.019368,1082
GHCND:US1MTRV0005,"FLORENCE 3.7 SE, MT US",2007-03-26,2026-01-15,46.60683,-114.0124,1085.1
GHCND:US1MTRC0001,"SAVAGE 1.0 S, MT US",2007-04-01,2026-01-15,47.445,-104.3454,604.7
GHCND:USC00248858,"WEST YELLOWSTONE GATEWAY, MT US",2007-04-01,2026-01-19,44.65654,-111.09019,2035.8
GHCND:US1MTSH0003,"OUTLOOK 5.6 WNW, MT US",2007-04-14,2026-01-15,48.9135,-104.8999,696.2
GHCND:US1MTSW0001,"REED POINT 5 SE, MT US",2007-04-23,2026-01-03,45.669719,-109.472396,1166.2
GHCND:US1MTDW0002,"GLENDIVE 16.9 WSW, MT US",2007-04-24,2026-01-15,46.992616,-105.024788,807.1
GHCND:US1MTVL0004,"NASHUA 8.3 SSW, MT US",2007-05-01,2026-01-06,48.032182,-106.449319,618.1
GHCND:US1MTFL0003,"BAKER 24.7 SSE, MT US",2007-05-03,2026-01-16,46.030911,-104.083796,954.3
GHCND:US1MTMS0014,"MISSOULA 4.4 W, MT US",2007-05-13,2026-01-16,46.858614,-114.099702,949.1
GHCND:US1MTPK0005,"WILSALL 0.3 NW, MT US",2007-05-16,2026-01-16,45.997345,-110.662224,1554.5
GHCND:US1MTPR0001,"BROADUS 18.8 NNW, MT US",2007-05-21,2026-01-16,45.66932,-105.62355,1061.9
GHCND:US1MTTN0003,"DUTTON 3.3 ENE, MT US",2007-07-18,2026-01-16,47.8616,-111.64551,1078.1
GHCND:USW00004137,"DILLON 18 WSW, MT US",2007-07-29,2026-01-18,45.158,-113.0057,1820
GHCND:US1MTLC0004,"HELENA 10.6 N, MT US",2007-08-23,2026-01-16,46.745942,-112.03145,1242.4
GHCND:US1MTSH0005,"PLENTYWOOD 0.6 W, MT US",2007-10-06,2026-01-16,48.774815,-104.566993,623
GHCND:US1MTSW0002,"COLUMBUS 7.2 E, MT US",2007-10-16,2026-01-16,45.6208,-109.104,1242.1
GHCND:US1MTPK0007,"LIVINGSTON 6.6 ESE, MT US",2007-10-23,2026-01-16,45.635694,-110.433056,1677.9
GHCND:US1MTMH0004,"ROUNDUP 6.2 ENE, MT US",2007-10-25,2026-01-16,46.477905,-108.416553,959.5
GHCND:US1MTSN0004,"THOMPSON FALLS 9.3 NW, MT US",2007-12-01,2026-01-16,47.69389,-115.47674,791
GHCND:US1MTGT0003,"PHILIPSBURG 10.3 SSW, MT US",2007-12-06,2026-01-13,46.2049,-113.406,1661.2
GHCND:US1MTBV0002,"DILLON 5.3 ENE, MT US",2008-01-07,2026-01-08,45.243357,-112.533426,1615.1
GHCND:US1MTFH0012,"MARION 1.1 SE, MT US",2008-04-29,2026-01-16,48.0955,-114.6429,1236
GHCND:US1MTDL0001,"ANACONDA 7.4 NW, MT US",2008-05-07,2026-01-16,46.16611111,-113.0852778,1768.1
GHCND:US1MTRT0003,"BROCKTON 11.6 N, MT US",2008-05-25,2026-01-16,48.316878,-104.910549,645.9
GHCND:US1MTYS0014,"BILLINGS 4.5 NE, MT US",2008-05-29,2026-01-15,45.83233,-108.44399,963.8
GHCND:USC00245123,"LOGAN LANDFILL, MT US",2008-06-01,2026-01-19,45.8756,-111.4106,1293.3
GHCND:US1MTFH0013,"KALISPELL 1.7 NW, MT US",2008-06-08,2026-01-02,48.218,-114.3398,920.5
GHCND:USS0010D39S,"EAST BOULDER MINE, MT US",2008-06-18,2026-01-09,45.5,-110.08,1930.9
GHCND:USW00004140,"LEWISTOWN 42 WSW, MT US",2008-07-28,2026-01-18,46.8847,-110.2895,1545.3
GHCND:US1MTPW0003,"OVANDO 2.9 SW, MT US",2008-08-09,2026-01-10,46.99372,-113.17423,1236.6
GHCND:US1MTJF0001,"BOULDER 0.3 E, MT US",2008-09-06,2026-01-15,46.235792,-112.114103,1494.7
GHCND:US1MTBH0002,"HARDIN 0.6 ENE, MT US",2008-10-21,2026-01-16,45.736,-107.602,883.9
GHCND:US1MTFH0016,"BIGFORK 3.2 ENE, MT US",2009-02-10,2026-01-16,48.07438,-114.012017,929.6
GHCND:US1MTPR0006,"ASHLAND 9.7 ESE, MT US",2009-10-01,2026-01-16,45.587,-106.121167,972.9
GHCND:US1MTPR0005,"BOYES 1.7 NNE, MT US",2009-10-30,2026-01-13,45.290982,-105.021266,1051
GHCND:US1MTFH0017,"COLUMBIA FALLS 7.7 S, MT US",2009-11-05,2026-01-16,48.2619,-114.155617,932.1
GHCND:US1MTPR0007,"BROADUS 12.3 SSE, MT US",2009-11-07,2026-01-04,45.273117,-105.32805,956.8
GHCND:US1MTSN0006,"TROUT CREEK 4.0 NNW, MT US",2010-01-01,2026-01-16,47.88873,-115.6391,782.1
GHCND:USC00243947,"HARLOWTON 11 NW, MT US",2010-05-01,2026-01-15,46.5786,-109.9477,1510
GHCND:US1MTFL0007,"PLEVNA 1.6 S, MT US",2010-05-07,2026-01-15,46.39305556,-104.5197222,848.3
GHCND:US1MTLK0010,"RONAN 4.1 NE, MT US",2010-06-06,2026-01-16,47.57335698,-114.04362759,1040
GHCND:US1MTDW0007,"GLENDIVE 2.2 W, MT US",2010-06-17,2026-01-14,47.105261,-104.755056,641.9
GHCND:US1MTSW0010,"COLUMBUS 8.2 ESE, MT US",2010-08-19,2026-01-15,45.600136,-109.089853,1094.8
GHCND:USS0014B04S,"BLACKTAIL MOUNTAIN, MT US",2010-08-25,2026-01-02,47.98,-114.35,1722.1
GHCND:US1MTCB0005,"RED LODGE 3.0 SW, MT US",2010-10-01,2026-01-16,45.16126,-109.29107,1852
GHCND:US1MTMH0012,"ROUNDUP 8.5 NNE, MT US",2010-10-01,2026-01-07,46.5618,-108.467,1090
GHCND:US1MTRB0009,"MELSTONE 5.7 E, MT US",2010-10-15,2026-01-16,46.58939,-107.7488,992.7
GHCND:US1MTCS0006,"ISMAY 27.6 WSW, MT US",2011-02-17,2026-01-13,46.280485,-105.276554,757.1
GHCND:US1MTCT0003,"RIDGE 3.8 NE, MT US",2011-05-18,2026-01-10,45.091688,-104.976266,1250
GHCND:USC00247562,"SIDNEY 2 S, MT US",2011-11-01,2026-01-16,47.67939,-104.15769,585.2
GHCND:US1MTCS0011,"ISMAY 3.4 NE, MT US",2011-11-16,2026-01-15,46.5396,-104.7518,828.4
GHCND:US1MTCH0006,"GERALDINE 12.0 E, MT US",2011-12-20,2026-01-16,47.5974478,-110.007517,962.3
GHCND:US1MTSG0009,"MELVILLE 10.1 ENE, MT US",2012-01-19,2026-01-02,46.1720789,-109.768704,1415.2
GHCND:US1MTPK0014,"LIVINGSTON 0.9 WSW, MT US",2012-01-23,2026-01-16,45.658,-110.5817,1403.6
GHCND:US1MTMH0017,"ROUNDUP 7.4 SSE, MT US",2013-01-07,2026-01-16,46.3499450683594,-108.479972839355,1072.3
GHCND:US1MTMH0018,"ROUNDUP 1.8 NNE, MT US",2013-01-27,2026-01-15,46.4713527777778,-108.520797222222,1011.6
GHCND:US1MTBH0006,"FORT SMITH 0.5 ENE, MT US",2013-03-30,2026-01-15,45.31085,-107.916314,1000.7
GHCND:US1MTMD0003,"SHERIDAN 1.4 ENE, MT US",2013-05-01,2026-01-16,45.46219722,-112.162525,1645.6
GHCND:US1MTLC0014,"HELENA 2.0 NNW, MT US",2013-06-15,2026-01-16,46.62177,-112.04198,1179.9
GHCND:US1MTGN0011,"BOZEMAN 1.5 SSE, MT US",2013-10-08,2026-01-16,45.6578,-111.0272,1505.1
GHCND:US1MTSW0012,"PARK CITY 6.0 WSW, MT US",2014-05-23,2026-01-15,45.603569,-109.03386,1052.5
GHCND:US1MTYS0027,"BILLINGS 3.2 NNE, MT US",2014-07-04,2026-01-16,45.835948,-108.522053,1037.2
GHCND:US1MTMH0020,"ROUNDUP 3.0 NNE, MT US",2014-07-08,2026-01-02,46.487686,-108.513479,993.6
GHCND:US1MTLK0013,"RONAN 0.2 WSW, MT US",2014-08-14,2026-01-15,47.5275474786758,-114.10478644073,930.6
GHCND:US1MTYS0028,"BILLINGS 4.2 WSW, MT US",2014-10-06,2026-01-13,45.75951,-108.613251,990.3
GHCND:US1MTGR0006,"CUT BANK 0.3 NNW, MT US",2014-10-15,2026-01-15,48.638756,-112.331396,1143.3
GHCND:US1MTCB0012,"FROMBERG 2.7 NE, MT US",2014-11-26,2026-01-15,45.419618,-108.866794,1072.6
GHCND:US1MTSW0013,"COLUMBUS 6.0 SSE, MT US",2015-05-01,2026-01-15,45.55321,-109.21877,1396
GHCND:US1MTBV0022,"GLEN 0.2 SE, MT US",2015-08-23,2026-01-16,45.4752,-112.6876,1521
GHCND:US1MTCB0013,"JOLIET 2.2 WNW, MT US",2015-12-01,2026-01-14,45.500382,-109.010708,1264.3
GHCND:US1MTMS0023,"BONNER WEST RIVERSIDE 4.0 SE, MT US",2016-01-16,2026-01-15,46.8371,-113.8279,1014.1
GHCND:US1MTLN0006,"YAAK 0.3 W, MT US",2016-04-16,2026-01-15,48.8319,-115.7145,915.9
GHCND:US1MTGN0012,"BOZEMAN 4.4 SSE, MT US",2016-09-05,2026-01-10,45.62113,-110.99878,1642
GHCND:US1MTFH0029,"KALISPELL 2.6 NE, MT US",2016-09-19,2026-01-16,48.22069,-114.27115,890.9
GHCND:US1MTFH0030,"KALISPELL 2.5 WNW, MT US",2017-02-13,2026-01-16,48.210827,-114.367471,923.5
GHCND:US1MTMS0026,"SEELEY LAKE 1.2 E, MT US",2017-03-28,2026-01-16,47.177859,-113.459935,1280.2
GHCND:US1MTSN0005,"PLAINS 5.2 N, MT US",2017-11-01,2026-01-15,47.536,-114.8893,882.1
GHCND:USC00247316,"ST. REGIS CLARK FORK, MT US",2017-12-29,2026-01-19,47.3019,-115.0864,792.5
GHCND:USW00094028,"SIDNEY RICHLAND MUNICIPAL AIRPORT, MT US",2018-01-01,2026-01-10,47.71667,-104.18333,603.5
GHCND:US1MTLK0015,"BIGFORK 3.5 ESE, MT US",2018-05-10,2026-01-16,48.051086,-114.002952,933
GHCND:US1MTRV0015,"VICTOR 5.4 SE, MT US",2018-07-01,2026-01-13,46.376798,-114.055246,1120.1
GHCND:US1MTTN0006,"FAIRFIELD 5.0 NNE, MT US",2018-12-18,2026-01-15,47.6825,-111.93908,1192.1
GHCND:US1MTLC0019,"HELENA 5.8 NE, MT US",2019-05-18,2026-01-14,46.643284,-111.91937,1136
GHCND:US1MTRV0016,"HAMILTON 3.7 SE, MT US",2019-08-01,2026-01-16,46.216,-114.1039,1194.2
GHCND:US1MTMS0032,"MISSOULA 1.3 WNW, MT US",2020-04-15,2026-01-08,46.874746,-114.033982,962.6
GHCND:USC00241726,"CHINOOK 11 S, MT US",2020-06-01,2026-01-19,48.43905,-109.23275,966.8
GHCND:US1MTYS0041,"BILLINGS 1.7 W, MT US",2020-08-01,2026-01-14,45.793839,-108.573339,999.7
GHCND:US1MTLY0020,"JOPLIN 3.6 S, MT US",2020-11-01,2026-01-14,48.509,-110.7807,1024.7
GHCND:US1MTMH0023,"ROUNDUP 0.6 NW, MT US",2020-11-02,2026-01-16,46.453066,-108.548267,997.3
GHCND:US1MTLY0018,"WHITLASH 5.6 NE, MT US",2021-01-11,2026-01-15,48.9629,-111.1629,1192.1
GHCND:US1MTLY0013,"TIBER 6.5 NW, MT US",2021-04-17,2026-01-15,48.5819,-111.1741,1030.2
GHCND:US1MTLY0016,"LOTHAIR 3.3 SE, MT US",2021-04-28,2026-01-15,48.4391,-111.1776,988.5
GHCND:US1MTMD0011,"ENNIS 0.3 SSE, MT US",2021-05-17,2026-01-16,45.3405563,-111.7272821,1510.6
GHCND:US1MTMC0005,"VIDA 0.3 W, MT US",2021-05-21,2026-01-16,47.8328063,-105.4877512,730.6
GHCND:US1MTLY0008,"WHITLASH 8.0 S, MT US",2021-09-01,2026-01-07,48.7932,-111.2417,1221.9
GHCND:US1MTLY0010,"CHESTER 15.6 N, MT US",2021-09-01,2026-01-15,48.73575,-110.92677,1068.3
GHCND:US1MTLY0005,"WHITLASH 3.7 SSE, MT US",2021-09-03,2026-01-16,48.8608,-111.2144,1351.2
GHCND:US1MTLY0004,"CHESTER 10.5 S, MT US",2021-09-04,2026-01-01,48.36196,-110.9261,910.4
GHCND:US1MTLY0006,"TIBER DAM 11.9 SE, MT US",2021-09-05,2026-01-14,48.2024,-110.911,940.3
GHCND:US1MTLY0009,"CHESTER 13.8 NNW, MT US",2021-09-08,2026-01-16,48.7057,-111.0332,1028.4
GHCND:US1MTMS0033,"MISSOULA 3.8 SSW, MT US",2021-09-20,2026-01-15,46.81467,-114.02631,1106.4
GHCND:US1MTLY0014,"CHESTER 0.4 WSW, MT US",2021-10-01,2026-01-10,48.5089,-110.9736,960.7
GHCND:US1MTLY0015,"JOPLIN 17.5 N, MT US",2021-10-01,2026-01-13,48.8139,-110.7735,1001.6
GHCND:US1MTLY0017,"WHITLASH 13.2 ENE, MT US",2021-10-01,2026-01-15,48.9867,-110.9885,1056.4
GHCND:US1MTLY0019,"WHITLASH 13.5 E, MT US",2021-10-01,2026-01-15,48.9127,-110.9569,1068.3
GHCND:US1MTLY0021,"JOPLIN 11.0 N, MT US",2021-10-01,2026-01-11,48.7122,-110.7731,990
GHCND:US1MTLY0024,"TIBER DAM 3.3 SE, MT US",2022-03-30,2026-01-15,48.2862,-111.0505,860.5
GHCND:US1MTLY0025,"TIBER DAM 11.2 ESE, MT US",2022-03-30,2026-01-16,48.2546,-110.8768,840
GHCND:US1MTLY0022,"CHESTER 22.8 N, MT US",2022-06-01,2026-01-15,48.8356,-110.873,1039.1
GHCND:US1MTRV0018,"HAMILTON 9.2 SSW, MT US",2022-08-01,2026-01-16,46.12578,-114.22318,1283.8
GHCND:US1MTGN0021,"BIG SKY 1.7 NW, MT US",2022-09-02,2026-01-15,45.271889,-111.339884,2076.9
GHCND:US1MTLN0009,"TROY 0.3 WSW, MT US",2023-05-28,2026-01-16,48.45874,-115.895506,584.9
GHCND:US1MTMS0034,"CLINTON 11.1 SSE, MT US",2023-06-11,2026-01-16,46.610273,-113.652354,1171.3
GHCND:US1MTTL0004,"SUNBURST 3.4 SE, MT US",2023-06-30,2026-01-15,48.841,-111.8556,1070.5
GHCND:US1MTVL0024,"GLASGOW 14.6 NNE, MT US",2023-10-17,2026-01-04,48.40304,-106.55128,841.9
GHCND:US1MTFG0006,"LEWISTOWN 0.4 SW, MT US",2023-11-26,2026-01-06,47.06011,-109.43438,1225
GHCND:US1MTFH0038,"KALISPELL 6.8 WSW, MT US",2024-01-01,2026-01-16,48.173979,-114.458199,1011
GHCND:US1MTYS0047,"BILLINGS 4.3 S, MT US",2024-01-10,2026-01-01,45.7294047,-108.5249444,996.7
GHCND:US1MTMS0036,"MISSOULA 2.9 E, MT US",2024-05-27,2026-01-15,46.86491,-113.9464,983
GHCND:US1MTDN0005,"SCOBEY 3.1 ESE, MT US",2024-07-30,2026-01-16,48.7679,-105.3619,760.2
GHCND:USC00241781,"CLARK CANYON DAM, MT US",2024-11-17,2026-01-18,45.0016,-112.8574,1700.8
