year,month,stationName,avgLowTemp
1940,Oct,"KALISPELL GLACIER AIRPORT, MT US",39.32
1947,Oct,"KALISPELL GLACIER AIRPORT, MT US",38.55
1937,Oct,"KALISPELL GLACIER AIRPORT, MT US",38.00
1927,Oct,"KALISPELL GLACIER AIRPORT, MT US",37.97
1918,Oct,"KALISPELL GLACIER AIRPORT, MT US",37.58
1934,Oct,"KALISPELL GLACIER AIRPORT, MT US",37.58
1943,Oct,"KALISPELL GLACIER AIRPORT, MT US",36.77
1926,Oct,"KALISPELL GLACIER AIRPORT, MT US",36.71
1910,Oct,"KALISPELL GLACIER AIRPORT, MT US",36.61
1906,Oct,"KALISPELL GLACIER AIRPORT, MT US",36.48
1922,Oct,"KALISPELL GLACIER AIRPORT, MT US",36.16
1938,Oct,"KALISPELL GLACIER AIRPORT, MT US",36.13
1914,Oct,"KALISPELL GLACIER AIRPORT, MT US",35.90
1945,Oct,"KALISPELL GLACIER AIRPORT, MT US",35.87
1944,Oct,"KALISPELL GLACIER AIRPORT, MT US",35.77
1939,Oct,"KALISPELL GLACIER AIRPORT, MT US",35.65
1933,Oct,"KALISPELL GLACIER AIRPORT, MT US",35.48
1950,Oct,"KALISPELL GLACIER AIRPORT, MT US",35.35
1901,Oct,"KALISPELL GLACIER AIRPORT, MT US",35.10
1988,Oct,"KALISPELL GLACIER AIRPORT, MT US",34.74
1934,Nov,"KALISPELL GLACIER AIRPORT, MT US",33.73
1899,Nov,"KALISPELL GLACIER AIRPORT, MT US",32.34
1949,Nov,"KALISPELL GLACIER AIRPORT, MT US",31.03
1932,Nov,"KALISPELL GLACIER AIRPORT, MT US",30.90
1954,Nov,"KALISPELL GLACIER AIRPORT, MT US",30.80
1904,Nov,"KALISPELL GLACIER AIRPORT, MT US",30.57
1917,Nov,"KALISPELL GLACIER AIRPORT, MT US",30.47
1998,Nov,"KALISPELL GLACIER AIRPORT, MT US",29.83
1933,Nov,"KALISPELL GLACIER AIRPORT, MT US",29.77
1914,Nov,"KALISPELL GLACIER AIRPORT, MT US",29.67
1910,Nov,"KALISPELL GLACIER AIRPORT, MT US",29.60
1901,Nov,"KALISPELL GLACIER AIRPORT, MT US",29.43
1927,Nov,"KALISPELL GLACIER AIRPORT, MT US",29.40
1989,Nov,"KALISPELL GLACIER AIRPORT, MT US",29.40
1988,Nov,"KALISPELL GLACIER AIRPORT, MT US",29.30
1999,Nov,"KALISPELL GLACIER AIRPORT, MT US",29.30
2008,Nov,"KALISPELL GLACIER AIRPORT, MT US",29.30
2002,Nov,"KALISPELL GLACIER AIRPORT, MT US",29.27
1937,Nov,"KALISPELL GLACIER AIRPORT, MT US",29.20
1909,Nov,"KALISPELL GLACIER AIRPORT, MT US",29.10
1925,Dec,"KALISPELL GLACIER AIRPORT, MT US",30.06
1900,Dec,"KALISPELL GLACIER AIRPORT, MT US",26.19
2025,Dec,"KALISPELL GLACIER AIRPORT, MT US",26.10
1962,Dec,"KALISPELL GLACIER AIRPORT, MT US",25.81
1896,Dec,"KALISPELL GLACIER AIRPORT, MT US",25.71
2024,Dec,"KALISPELL GLACIER AIRPORT, MT US",25.61
1979,Dec,"KALISPELL GLACIER AIRPORT, MT US",25.42
1933,Dec,"KALISPELL GLACIER AIRPORT, MT US",25.32
1999,Dec,"KALISPELL GLACIER AIRPORT, MT US",25.19
1904,Dec,"KALISPELL GLACIER AIRPORT, MT US",25.13
1935,Dec,"KALISPELL GLACIER AIRPORT, MT US",25.13
1939,Dec,"KALISPELL GLACIER AIRPORT, MT US",25.10
1991,Dec,"KALISPELL GLACIER AIRPORT, MT US",24.87
1910,Dec,"KALISPELL GLACIER AIRPORT, MT US",24.71
1953,Dec,"KALISPELL GLACIER AIRPORT, MT US",24.65
2002,Dec,"KALISPELL GLACIER AIRPORT, MT US",24.58
2019,Dec,"KALISPELL GLACIER AIRPORT, MT US",24.55
1957,Dec,"KALISPELL GLACIER AIRPORT, MT US",24.39
2023,Dec,"KALISPELL GLACIER AIRPORT, MT US",24.10
1940,Dec,"KALISPELL GLACIER AIRPORT, MT US",23.84
1953,Jan,"KALISPELL GLACIER AIRPORT, MT US",28.94
1934,Jan,"KALISPELL GLACIER AIRPORT, MT US",27.71
2006,Jan,"KALISPELL GLACIER AIRPORT, MT US",26.81
1981,Jan,"KALISPELL GLACIER AIRPORT, MT US",25.87
1994,Jan,"KALISPELL GLACIER AIRPORT, MT US",24.58
1945,Jan,"KALISPELL GLACIER AIRPORT, MT US",24.19
1939,Jan,"KALISPELL GLACIER AIRPORT, MT US",23.97
1900,Jan,"KALISPELL GLACIER AIRPORT, MT US",23.84
1983,Jan,"KALISPELL GLACIER AIRPORT, MT US",23.74
1990,Jan,"KALISPELL GLACIER AIRPORT, MT US",23.45
2021,Jan,"KALISPELL GLACIER AIRPORT, MT US",22.84
1967,Jan,"KALISPELL GLACIER AIRPORT, MT US",22.77
1999,Jan,"KALISPELL GLACIER AIRPORT, MT US",22.61
1958,Jan,"KALISPELL GLACIER AIRPORT, MT US",22.39
2020,Jan,"KALISPELL GLACIER AIRPORT, MT US",22.03
1931,Jan,"KALISPELL GLACIER AIRPORT, MT US",21.97
2018,Jan,"KALISPELL GLACIER AIRPORT, MT US",21.97
1992,Jan,"KALISPELL GLACIER AIRPORT, MT US",21.84
1903,Jan,"KALISPELL GLACIER AIRPORT, MT US",21.61
2026,Jan,"KALISPELL GLACIER AIRPORT, MT US",21.60
1925,Feb,"KALISPELL GLACIER AIRPORT, MT US",29.93
1961,Feb,"KALISPELL GLACIER AIRPORT, MT US",29.36
1926,Feb,"KALISPELL GLACIER AIRPORT, MT US",26.75
1924,Feb,"KALISPELL GLACIER AIRPORT, MT US",26.28
1992,Feb,"KALISPELL GLACIER AIRPORT, MT US",26.07
1999,Feb,"KALISPELL GLACIER AIRPORT, MT US",25.57
1974,Feb,"KALISPELL GLACIER AIRPORT, MT US",25.07
1991,Feb,"KALISPELL GLACIER AIRPORT, MT US",25.07
1953,Feb,"KALISPELL GLACIER AIRPORT, MT US",25.00
1983,Feb,"KALISPELL GLACIER AIRPORT, MT US",24.86
1930,Feb,"KALISPELL GLACIER AIRPORT, MT US",24.57
2013,Feb,"KALISPELL GLACIER AIRPORT, MT US",24.57
2010,Feb,"KALISPELL GLACIER AIRPORT, MT US",24.54
1934,Feb,"KALISPELL GLACIER AIRPORT, MT US",24.32
1998,Feb,"KALISPELL GLACIER AIRPORT, MT US",24.25
1940,Feb,"KALISPELL GLACIER AIRPORT, MT US",24.10
1968,Feb,"KALISPELL GLACIER AIRPORT, MT US",24.00
1984,Feb,"KALISPELL GLACIER AIRPORT, MT US",23.93
2016,Feb,"KALISPELL GLACIER AIRPORT, MT US",23.69
1981,Feb,"KALISPELL GLACIER AIRPORT, MT US",23.14
1940,Mar,"KALISPELL GLACIER AIRPORT, MT US",31.87
1910,Mar,"KALISPELL GLACIER AIRPORT, MT US",30.35
1934,Mar,"KALISPELL GLACIER AIRPORT, MT US",30.13
1941,Mar,"KALISPELL GLACIER AIRPORT, MT US",29.81
1988,Mar,"KALISPELL GLACIER AIRPORT, MT US",29.65
1946,Mar,"KALISPELL GLACIER AIRPORT, MT US",29.45
1986,Mar,"KALISPELL GLACIER AIRPORT, MT US",29.45
1984,Mar,"KALISPELL GLACIER AIRPORT, MT US",29.39
2025,Mar,"KALISPELL GLACIER AIRPORT, MT US",29.06
1905,Mar,"KALISPELL GLACIER AIRPORT, MT US",29.03
2007,Mar,"KALISPELL GLACIER AIRPORT, MT US",28.81
1926,Mar,"KALISPELL GLACIER AIRPORT, MT US",28.74
1983,Mar,"KALISPELL GLACIER AIRPORT, MT US",28.71
1900,Mar,"KALISPELL GLACIER AIRPORT, MT US",28.58
1973,Mar,"KALISPELL GLACIER AIRPORT, MT US",28.45
2000,Mar,"KALISPELL GLACIER AIRPORT, MT US",28.45
1929,Mar,"KALISPELL GLACIER AIRPORT, MT US",28.29
1972,Mar,"KALISPELL GLACIER AIRPORT, MT US",28.29
1933,Mar,"KALISPELL GLACIER AIRPORT, MT US",28.00
1928,Mar,"KALISPELL GLACIER AIRPORT, MT US",27.97
